specification,outcome,predictor,coefficient,std_error,p_value,ci_low,ci_high,n
Similarity: similarity_jaccard_mean,clustering,similarity_jaccard_mean,0.07938304488491134,0.03882202724040925,0.04087518040107338,0.0032932696868763073,0.15547282008294638,4099
Similarity: similarity_cosine_mean,clustering,similarity_cosine_mean,0.04259428088012474,0.03261434569011676,0.19155312679167114,-0.021328662051843243,0.10651722381209272,4099
Similarity: similarity_birthday_mean,clustering,similarity_birthday_mean,0.22628269926328526,0.014408071542434077,1.3917692778612466e-55,0.198043397953438,0.2545220005731325,4009
Similarity: similarity_education_mean,clustering,similarity_education_mean,0.10904463134999978,0.02087976927845973,1.765218997666137e-07,0.06812103555871284,0.14996822714128671,4099
Similarity: similarity_gender_mean,clustering,similarity_gender_mean,-0.06239374160307647,0.012312654005714874,4.031832734271935e-07,-0.08652610000838046,-0.03826138319777249,4099
Similarity: similarity_hometown_mean,clustering,similarity_hometown_mean,0.03170023871159835,0.013728064699775755,0.020934943389699777,0.0047937263226022,0.0586067511005945,3879
Similarity: similarity_languages_mean,clustering,similarity_languages_mean,-0.02119802459697809,0.048962208178220466,0.6650535195608165,-0.1171621892298427,0.07476614003588652,3767
Similarity: similarity_last_name_mean,clustering,similarity_last_name_mean,0.2188619439796997,0.03425836090377845,1.6744394034195279e-10,0.1517167904389189,0.28600709752048054,4099
Similarity: similarity_locale_mean,clustering,similarity_locale_mean,-0.09619979700322291,0.010535561329903237,6.789405551467136e-20,-0.11684911776674617,-0.07555047623969965,4099
Similarity: similarity_location_mean,clustering,similarity_location_mean,-0.009308803447088189,0.016734810337933437,0.5780372998215461,-0.0421084289975463,0.02349082210336992,4041
Similarity: similarity_work_mean,clustering,similarity_work_mean,0.186815998646665,0.06730501786105957,0.005508940090662909,0.0549005876601632,0.3187314096331668,4024
Similarity: similarity_first_name_mean,clustering,similarity_first_name_mean,0.2011030594487519,0.1341456849183981,0.13383751497666765,-0.06181765167276626,0.46402377057027006,3042
Similarity: similarity_middle_name_mean,clustering,similarity_middle_name_mean,1.0724497883328756,0.8561105752539842,0.21031487591609066,-0.6054961059488009,2.750395682614552,724
Similarity: similarity_name_mean,clustering,similarity_name_mean,1.1652229444114417,0.36697335666653513,0.0014972040474150203,0.44596838205926104,1.8844775067636224,218
Similarity: similarity_religion_mean,clustering,similarity_religion_mean,1.1469240539268428,4.318609312430898,0.7905648674871629,-7.317394661737004,9.611242769590689,87
Similarity: similarity_political_mean,clustering,similarity_political_mean,0.4030754388699586,1.3716692656382456,0.7688667183659572,-2.2853469204815076,3.0914977982214245,53
Diversity: diversity_complement -> log_betweenness,log_betweenness,diversity_complement,0.017165783332563626,0.0057980773901168,0.0030704121508402208,0.0058017604683587055,0.028529806196768547,4099
Diversity: diversity_complement -> participation_coefficient,participation_coefficient,diversity_complement,0.2922350413178004,0.0400608025554974,2.9913084400186023e-13,0.21371731111725537,0.3707527715183455,4099
Diversity: diversity_category_entropy -> log_betweenness,log_betweenness,diversity_category_entropy,-0.010817103296753564,0.004151220408098803,0.00916694314544475,-0.018953345788514882,-0.002680860804992245,4099
Diversity: diversity_category_entropy -> participation_coefficient,participation_coefficient,diversity_category_entropy,0.22066787510906272,0.047613614624435405,3.577075984300248e-06,0.12734690527139972,0.31398884494672574,4099
Diversity: circle_entropy -> log_betweenness,log_betweenness,circle_entropy,0.006365164645677612,0.0023082429390662135,0.005823095628788474,0.001841091617538951,0.010889237673816273,4099
Diversity: circle_entropy -> participation_coefficient,participation_coefficient,circle_entropy,0.08460794047067992,0.01360246610909789,4.970148408780285e-10,0.057947596795921374,0.11126828414543846,4099
Diversity: outside_dominant_circle_share -> log_betweenness,log_betweenness,outside_dominant_circle_share,0.012695737538847566,0.004198419161635808,0.002495118293269683,0.004466987190038534,0.0209244878876566,4099
Diversity: outside_dominant_circle_share -> participation_coefficient,participation_coefficient,outside_dominant_circle_share,0.1982609630939044,0.015326809410228046,2.835252836576618e-38,0.16822096865194783,0.22830095753586097,4099
all: similarity-clustering,clustering,similarity_jaccard_mean,0.07938304488491134,0.03882202724040925,0.04087518040107338,0.0032932696868763073,0.15547282008294638,4099
all: diversity-betweenness,log_betweenness,diversity_complement,0.017165783332563626,0.0057980773901168,0.0030704121508402208,0.0058017604683587055,0.028529806196768547,4099
all: diversity-participation,participation_coefficient,diversity_complement,0.2922350413178004,0.0400608025554974,2.9913084400186023e-13,0.21371731111725537,0.3707527715183455,4099
degree_gt_1: similarity-clustering,clustering,similarity_jaccard_mean,0.07938304488491134,0.03882202724040925,0.04087518040107338,0.0032932696868763073,0.15547282008294638,4099
degree_gt_1: diversity-betweenness,log_betweenness,diversity_complement,0.017165783332563626,0.0057980773901168,0.0030704121508402208,0.0058017604683587055,0.028529806196768547,4099
degree_gt_1: diversity-participation,participation_coefficient,diversity_complement,0.2922350413178004,0.0400608025554974,2.9913084400186023e-13,0.21371731111725537,0.3707527715183455,4099
exclude_top1_degree: similarity-clustering,clustering,similarity_jaccard_mean,0.06915253514602462,0.038901373237778564,0.07546343062238711,-0.00709275534917167,0.14539782564122092,4059
exclude_top1_degree: diversity-betweenness,log_betweenness,diversity_complement,0.00676391514273946,0.0034900204153301933,0.05261428880272483,-7.639917661724036e-05,0.013604229462096159,4059
exclude_top1_degree: diversity-participation,participation_coefficient,diversity_complement,0.2784426284199657,0.04001889415630797,3.456784734125708e-12,0.20000703717248164,0.35687821966744976,4059
exclude_top1_betweenness: similarity-clustering,clustering,similarity_jaccard_mean,0.06421655179074315,0.03883990245294144,0.0982565152772505,-0.011908258180070963,0.14034136176155726,4058
exclude_top1_betweenness: diversity-betweenness,log_betweenness,diversity_complement,0.0005637484660151897,0.00012135152706830772,3.3911908795150438e-06,0.0003259038434923691,0.0008015930885380104,4058
exclude_top1_betweenness: diversity-participation,participation_coefficient,diversity_complement,0.27104444389901644,0.03980096126216947,9.760048930950631e-12,0.1930359932750904,0.34905289452294247,4058
lcc_only: similarity-clustering,clustering,similarity_jaccard_mean,0.07938304488491134,0.03882202724040925,0.04087518040107338,0.0032932696868763073,0.15547282008294638,4099
lcc_only: diversity-betweenness,log_betweenness,diversity_complement,0.017165783332563626,0.0057980773901168,0.0030704121508402208,0.0058017604683587055,0.028529806196768547,4099
lcc_only: diversity-participation,participation_coefficient,diversity_complement,0.2922350413178004,0.0400608025554974,2.9913084400186023e-13,0.21371731111725537,0.3707527715183455,4099
complete_feature_coverage: similarity-clustering,clustering,similarity_jaccard_mean,0.07938304488491134,0.03882202724040925,0.04087518040107338,0.0032932696868763073,0.15547282008294638,4099
complete_feature_coverage: diversity-betweenness,log_betweenness,diversity_complement,0.017165783332563626,0.0057980773901168,0.0030704121508402208,0.0058017604683587055,0.028529806196768547,4099
complete_feature_coverage: diversity-participation,participation_coefficient,diversity_complement,0.2922350413178004,0.0400608025554974,2.9913084400186023e-13,0.21371731111725537,0.3707527715183455,4099
large_ego_networks: similarity-clustering,clustering,similarity_jaccard_mean,0.10717394223546327,0.04422787632139469,0.015383542318273616,0.02048889753283782,0.19385898693808873,3439
large_ego_networks: diversity-betweenness,log_betweenness,diversity_complement,0.012650577349123747,0.005615483673436659,0.024271585509739867,0.0016444315934152128,0.02365672310483228,3439
large_ego_networks: diversity-participation,participation_coefficient,diversity_complement,0.3185910586776576,0.041354374825879704,1.3194789625954006e-14,0.2375379734157635,0.39964414393955167,3439
high_modularity_egos: similarity-clustering,clustering,similarity_jaccard_mean,0.09328560470192594,0.04487325849961408,0.03762943640367955,0.005335634173726483,0.1812355752301254,3256
high_modularity_egos: diversity-betweenness,log_betweenness,diversity_complement,0.010313277630951995,0.004719794743597876,0.02888067444801343,0.0010626499190786991,0.01956390534282529,3256
high_modularity_egos: diversity-participation,participation_coefficient,diversity_complement,0.3098105194001925,0.039620665428858504,5.306838367330108e-15,0.2321554421161186,0.3874655966842664,3256
